date	open	ma5	high	close	low	volume
2015-12-31	3760.904	3764.778	3772.617	3731.005	3727.325	101873552.0
2015-12-30	3762.914	3784.457	3765.657	3765.175	3726.278	105629952.0
2015-12-29	3723.05	3804.698	3762.052	3761.875	3710.48	101885552.0
2015-12-28	3847.532	3827.67	3853.389	3727.632	3727.632	153988448.0
2015-12-25	3832.085	3855.336	3848.025	3838.201	3813.204	119624016.0
2015-12-24	3858.135	3841.279	3867.679	3829.402	3787.084	147181392.0
2015-12-23	3877.872	3826.576	3926.686	3866.381	3862.965	207017152.0
2015-12-22	3872.098	3790.388	3880.468	3876.733	3841.593	180303664.0
2015-12-21	3762.097	3753.919	3877.82	3865.965	3759.989	217435280.0
2015-12-18	3754.96	3722.99	3810.218	3767.913	3750.925	173465984.0
2015-12-17	3712.783	3691.02	3768.844	3755.888	3709.851	177924080.0
2015-12-16	3703.95	3664.459	3713.09	3685.44	3677.45	111342720.0
2015-12-15	3707.73	3654.558	3717.357	3694.389	3679.23	126481712.0
2015-12-14	3573.884	3640.285	3712.503	3711.322	3570.998	151769120.0
2015-12-11	3605.372	3635.542	3630.744	3608.059	3578.146	110322480.0
2015-12-10	3634.366	3649.448	3678.318	3623.084	3615.991	120215624.0
2015-12-09	3613.42	3674.691	3655.159	3635.938	3611.49	113325424.0
2015-12-08	3668.839	3691.895	3668.839	3623.02	3619.445	125781080.0
2015-12-07	3681.582	3685.63	3699.337	3687.607	3658.578	113883152.0
2015-12-04	3719.734	3661.391	3726.124	3677.592	3667.291	151199520.0
2015-12-03	3709.547	3637.271	3758.446	3749.299	3693.137	197762128.0
2015-12-02	3587.758	3639.297	3725.854	3721.955	3573.403	213538864.0
2015-12-01	3562.319	3651.227	3617.305	3591.696	3536.116	136536560.0
2015-11-30	3554.89	3683.666	3587.97	3566.412	3455.068	173201168.0
2015-11-27	3739.096	3721.05	3742.742	3556.992	3534.39	208939360.0
2015-11-26	3795.245	3764.529	3805.844	3759.429	3756.823	173525472.0
2015-11-25	3747.759	3767.637	3781.857	3781.607	3735.716	151944944.0
2015-11-24	3745.761	3754.431	3754.169	3753.889	3702.737	143383280.0
2015-11-23	3774.436	3755.331	3802.851	3753.335	3743.405	175626816.0
2015-11-20	3778.884	3757.489	3793.545	3774.383	3757.026	186951696.0
2015-11-19	3725.622	3751.861	3775.232	3774.969	3714.675	154631984.0
2015-11-18	3760.456	3755.932	3771.847	3715.58	3706.31	185689488.0
2015-11-17	3790.426	3779.545	3852.774	3758.387	3750.157	248533072.0
2015-11-16	3682.735	3794.515	3764.409	3764.126	3680.073	161690896.0
2015-11-13	3756.204	3809.761	3793.713	3746.242	3727.585	203489888.0
2015-11-12	3841.738	3819.187	3843.9	3795.324	3771.274	217537648.0
2015-11-11	3828.448	3801.317	3843.112	3833.646	3781.41	232234304.0
2015-11-10	3806.669	3760.295	3876.49	3833.238	3798.821	286519616.0
2015-11-09	3796.379	3686.746	3891.773	3840.355	3796.379	356804832.0
2015-11-06	3698.342	3613.867	3801.705	3793.374	3694.657	298753088.0
2015-11-05	3630.782	3562.008	3781.409	3705.97	3627.301	398046560.0
2015-11-04	3477.159	3527.476	3628.538	3628.538	3477.159	205423872.0
2015-11-03	3484.722	3506.752	3501.704	3465.493	3452.62	101401872.0
2015-11-02	3489.225	3532.229	3543.45	3475.962	3474.712	130002568.0
2015-10-30	3530.223	3554.889	3574.473	3534.079	3497.568	139141920.0
2015-10-29	3539.978	3562.322	3561.814	3533.307	3507.966	127010448.0
2015-10-28	3575.805	3560.567	3598.172	3524.92	3517.21	170977104.0
2015-10-27	3569.449	3550.234	3601.053	3592.879	3486.102	192056144.0
2015-10-26	3614.702	3547.199	3620.756	3589.261	3561.192	204248864.0
2015-10-23	3536.843	3536.183	3581.836	3571.241	3515.822	198294480.0
2015-10-22	3453.201	3528.748	3530.766	3524.534	3442.307	184305584.0
2015-10-21	3580.838	3521.204	3601.243	3473.254	3417.412	282076064.0
2015-10-20	3527.875	3507.775	3577.798	3577.703	3510.437	179025104.0
2015-10-19	3548.953	3481.243	3572.995	3534.182	3502.505	207606752.0
2015-10-16	3508.518	3463.946	3537.539	3534.065	3487.104	208964704.0
2015-10-15	3403.389	3425.156	3486.815	3486.815	3402.316	171158304.0
2015-10-14	3431.135	3387.089	3458.702	3406.112	3403.231	152173936.0
2015-10-13	3422.477	3346.456	3452.045	3445.043	3413.967	145433792.0
2015-10-12	3351.139	3298.037	3486.631	3447.693	3347.251	221400464.0
2015-10-09	3302.36	3244.27	3352.379	3340.116	3293.965	124352496.0
2015-10-08	3324.981	3224.797	3337.331	3296.482	3294.605	132081768.0
2015-10-07	3195.901	3211.891	3223.908	3202.948	3186.767	78559352.0
2015-09-30	3195.901	3228.301	3223.908	3202.948	3186.767	78559352.0
2015-09-29	3197.221	3240.317	3208.417	3178.854	3159.042	87150632.0
2015-09-28	3226.607	3272.352	3246.554	3242.752	3186.507	74219472.0
2015-09-25	3272.665	3285.451	3290.858	3231.951	3201.914	121419280.0
2015-09-24	3278.896	3289.315	3300.857	3284.999	3255.902	102011240.0
2015-09-23	3290.071	3279.715	3315.935	3263.028	3253.333	123171440.0
2015-09-22	3312.366	3288.959	3371.414	3339.03	3303.184	146221984.0
2015-09-21	3222.603	3251.6	3312.55	3308.247	3211.934	122788672.0
2015-09-18	3254.443	3246.177	3280.877	3251.273	3227.834	106903480.0
2015-09-17	3287.657	3265.36	3354.905	3236.999	3236.999	169401888.0
2015-09-16	3149.158	3289.472	3345.918	3309.248	3131.37	159710000.0
2015-09-15	3208.744	3307.484	3240.079	3152.232	3131.98	143555648.0
2015-09-14	3367.642	3343.842	3373.921	3281.132	3187.566	205457248.0
2015-09-11	3349.877	3337.712	3383.134	3347.188	3315.478	108547504.0
2015-09-10	3349.281	3341.441	3398.316	3357.561	3337.311	144882976.0
2015-09-09	3344.824	3342.346	3426.651	3399.305	3330.29	220467424.0
2015-09-08	3221.789	3335.792	3340.219	3334.023	3170.807	154599632.0
2015-09-07	3347.293	3337.444	3422.225	3250.485	3240.243	204224432.0
2015-09-02	3220.851	3328.475	3387.02	3365.832	3213.637	347789408.0
2015-09-01	3296.529	3260.447	3370.504	3362.083	3190.578	352458528.0
2015-08-31	3307.396	3196.616	3368.279	3366.536	3205.537	280250400.0
2015-08-28	3246.236	3178.415	3353.244	3342.286	3223.622	299498432.0
2015-08-27	3092.812	3227.865	3206.724	3205.638	3028.398	267294928.0
2015-08-26	3062.566	3339.029	3192.932	3025.692	2952.008	308270624.0
2015-08-25	3070.007	3511.117	3200.108	3042.927	3019.556	276081312.0
2015-08-24	3454.598	3667.614	3468.149	3275.534	3266.55	255436656.0
2015-08-21	3714.289	3828.082	3757.779	3589.536	3578.175	217986400.0
2015-08-20	3848.403	3924.883	3880.824	3761.454	3761.454	212167968.0
2015-08-19	3748.266	3987.685	3898.74	3886.136	3668.192	269049824.0
2015-08-18	4084.311	4013.683	4103.054	3825.412	3816.554	319881056.0
2015-08-17	4058.113	4061.934	4081.772	4077.872	4009.99	256939632.0
2015-08-14	4097.918	4063.233	4113.159	4073.54	4056.727	253392992.0
2015-08-13	4010.013	4029.914	4075.7	4075.463	3967.821	242836976.0
2015-08-12	4025.674	3981.191	4078.03	4016.126	4015.355	255146192.0
2015-08-11	4083.589	3951.346	4110.133	4066.669	4042.004	322034176.0
2015-08-10	3947.472	3927.643	4101.731	4084.365	3932.842	306780544.0
2015-08-07	3866.43	3876.617	3926.649	3906.945	3857.908	183349152.0
2015-08-06	3802.928	3858.568	3888.693	3831.852	3793.237	147278688.0
2015-08-05	3937.623	3855.28	3962.277	3866.9	3858.66	200484272.0
2015-08-04	3827.373	3867.976	3948.449	3948.155	3801.028	220236560.0
2015-08-03	3766.072	3840.564	3829.235	3829.235	3742.578	245805024.0
2015-07-31	3777.155	3838.463	3863.624	3816.699	3757.989	222376768.0
2015-07-30	3915.78	3910.379	3968.534	3815.412	3802.882	271548672.0
2015-07-29	3839.959	3997.457	3934.003	3930.379	3769.189	276972832.0
2015-07-28	3690.974	4042.814	3883.446	3811.093	3627.421	383527232.0
2015-07-27	4097.796	4113.796	4156.313	3818.731	3817.169	365054496.0
2015-07-24	4255.198	4182.172	4299.65	4176.279	4154.617	392045376.0
2015-07-23	4158.932	4177.216	4262.062	4250.805	4148.824	354471744.0
2015-07-22	4148.56	4126.526	4187.431	4157.16	4094.712	318945984.0
2015-07-21	4109.761	4088.446	4201.482	4166.006	4081.704	318374944.0
2015-07-20	4157.06	4077.674	4221.693	4160.612	4106.389	352673472.0
2015-07-17	4023.757	4087.914	4190.186	4151.496	4000.231	331107136.0
2015-07-16	3949.639	4078.926	4067.022	3997.356	3856.321	330531360.0
2015-07-15	4068.88	4058.98	4114.243	3966.759	3899.508	421956352.0
2015-07-14	4178.63	3998.236	4258.513	4112.149	4062.5	454422016.0
2015-07-13	4132.231	3961.407	4278.161	4211.812	4072.43	502092192.0
2015-07-10	3916.272	3918.752	4179.111	4106.556	3887.551	500701792.0
2015-07-09	3621.68	3874.624	3930.264	3897.626	3537.826	503870624.0
2015-07-08	3651.06	3916.698	3762.622	3663.038	3612.254	581467072.0
2015-07-07	3877.854	4034.695	3960.636	3928.003	3743.624	679385024.0
2015-07-06	4218.266	4143.694	4218.266	3998.537	3832.468	648094528.0
2015-07-03	4017.202	4182.296	4164.629	3885.917	3785.902	429300864.0
2015-07-02	4287.734	4272.352	4312.19	4107.996	4000.061	457062208.0
2015-07-01	4408.984	4392.056	4526.127	4253.021	4235.696	431721408.0
2015-06-30	4161.067	4517.477	4475.767	4472.998	4016.013	527045280.0
2015-06-29	4446.842	4580.095	4451.166	4191.549	4000.926	525662496.0
2015-06-26	4573.872	4669.196	4650.186	4336.195	4278.675	446639776.0
2015-06-25	4906.242	4788.067	4919.263	4706.516	4667.224	446135968.0
2015-06-24	4811.595	4874.53	4883.732	4880.126	4744.306	434638720.0
2015-06-23	4641.425	4911.469	4786.955	4786.091	4455.33	365087936.0
2015-06-19	4847.057	4998.484	4910.45	4637.052	4634.691	358104736.0
2015-06-18	5107.695	5138.097	5121.218	4930.549	4926.429	364395808.0
2015-06-17	5072.306	5213.305	5158.367	5138.831	4949.293	397124192.0
2015-06-16	5165.025	5247.361	5204.303	5064.821	5015.265	411675648.0
2015-06-15	5354.014	5297.889	5362.452	5221.167	5207.308	475745696.0
2015-06-12	5329.278	5324.406	5351.648	5335.115	5283.086	430131392.0
2015-06-11	5305.141	5303.493	5329.295	5306.59	5248.163	392338752.0
2015-06-10	5254.304	5278.458	5374.83	5309.112	5209.68	442165664.0
2015-06-09	5379.47	5245.354	5380.426	5317.461	5251.208	570427264.0
2015-06-08	5259.408	5214.236	5370.609	5353.751	5202.595	637313216.0
2015-06-05	5254.905	5158.721	5288.34	5230.552	5104.178	545961216.0
2015-06-04	5156.012	5080.777	5194.233	5181.416	4863.465	482767264.0
2015-06-03	5176.597	5011.295	5186.967	5143.59	5059.495	414258272.0
2015-06-02	5091.272	5018.864	5162.556	5161.87	5047.081	412973184.0
2015-06-01	4862.756	5026.273	5079.319	5076.179	4835.774	417503744.0
2015-05-29	4839.53	5030.937	4924.303	4840.829	4665.521	427878848.0
2015-05-28	5174.101	5053.038	5213.183	4834.007	4831.329	571829056.0
2015-05-27	5216.17	5054.432	5226.844	5181.434	5126.861	470798720.0
2015-05-26	5140.798	4969.129	5199.295	5198.918	5063.146	487949344.0
2015-05-25	4949.11	4875.589	5099.839	5099.495	4949.11	465736576.0
2015-05-22	4895.925	4770.718	4951.991	4951.335	4870.598	455846720.0
2015-05-21	4768.689	4703.945	4841.615	4840.976	4746.029	305054528.0
2015-05-20	4751.572	4675.906	4843.1	4754.919	4745.21	363180736.0
2015-05-19	4577.637	4668.609	4740.005	4731.222	4577.637	314785952.0
2015-05-18	4582.058	4671.849	4623.383	4575.14	4565.061	269180480.0
2015-05-15	4690.755	4694.927	4690.755	4617.47	4592.05	328431168.0
2015-05-14	4717.955	4683.114	4735.284	4700.778	4670.168	337725152.0
2015-05-13	4746.713	4636.976	4758.002	4718.436	4678.845	370730432.0
2015-05-12	4692.122	4603.955	4748.004	4747.421	4660.016	377053888.0
2015-05-11	4582.091	4573.838	4690.954	4690.532	4535.149	373838432.0
2015-05-08	4515.554	4593.28	4559.058	4558.404	4445.592	302407968.0
2015-05-07	4520.818	4631.576	4546.338	4470.089	4467.459	297759200.0
2015-05-06	4626.231	4692.423	4700.909	4553.327	4511.761	376073696.0
2015-05-05	4785.192	4730.13	4785.192	4596.837	4572.983	460419616.0
2015-05-04	4757.637	4772.281	4795.915	4787.741	4699.398	377843840.0
2015-04-30	4788.412	4755.261	4818.725	4749.886	4749.485	399727456.0
2015-04-29	4722.903	4753.462	4797.927	4774.326	4695.793	395056992.0
2015-04-28	4811.319	4746.56	4839.078	4741.861	4703.567	608638528.0
2015-04-27	4753.871	4722.021	4810.485	4807.592	4735.31	513076544.0
2015-04-24	4682.626	4664.886	4730.43	4702.641	4618.318	480152928.0
2015-04-23	4764.481	4643.585	4782.044	4740.892	4693.967	497430944.0
2015-04-22	4637.055	4598.116	4740.933	4739.814	4632.589	516213792.0
2015-04-21	4520.461	4526.256	4620.058	4619.164	4504.558	490314976.0
2015-04-20	4615.034	4490.06	4671.168	4521.919	4492.6	686439104.0
2015-04-17	4578.679	4469.89	4630.27	4596.136	4553.904	552802688.0
2015-04-16	4355.491	4419.546	4513.765	4513.546	4335.63	422603744.0
2015-04-15	4439.314	4369.265	4475.997	4380.513	4379.609	472154144.0
2015-04-14	4432.126	4352.323	4474.353	4438.184	4385.908	434432128.0
2015-04-13	4394.047	4316.695	4432.024	4421.073	4361.589	434153024.0
2015-04-10	4249.383	4266.588	4351.687	4344.416	4231.196	348190176.0
2015-04-09	4316.958	4222.66	4332.166	4262.138	4212.611	439699904.0
2015-04-08	4277.45	4195.011	4304.78	4295.803	4204.826	458676704.0
2015-04-07	4213.894	4146.091	4260.471	4260.044	4197.019	415362656.0
2015-04-03	4104.672	4111.718	4170.558	4170.538	4092.383	321303776.0
2015-04-02	4149.946	4071.95	4156.842	4124.776	4068.649	339070496.0
2015-04-01	4057.501	4036.995	4139.499	4123.895	4046.939	329512864.0
2015-03-31	4138.885	4000.298	4166.018	4051.204	4037.771	436065632.0
2015-03-30	3999.024	3984.666	4101.651	4088.178	3999.024	428297024.0
2015-03-27	3957.542	3961.443	3993.032	3971.697	3932.87	298756064.0
2015-03-26	3921.745	3945.618	3991.997	3949.999	3892.878	346756320.0
2015-03-25	3961.578	3923.566	3980.716	3940.412	3913.988	379968864.0
2015-03-24	3980.066	3904.695	3989.858	3973.046	3883.782	468581312.0
2015-03-23	3923.083	3861.51	3972.296	3972.061	3922.21	391119936.0
2015-03-20	3852.492	3808.232	3916.863	3892.574	3832.416	401817536.0
2015-03-19	3851.249	3753.249	3859.126	3839.739	3809.706	391547616.0
2015-03-18	3769.086	3703.87	3846.055	3846.055	3763.848	415190016.0
2015-03-17	3733.961	3639.589	3762.575	3757.122	3716.809	371625664.0
2015-03-16	3641.773	3592.287	3705.739	3705.671	3621.119	275438304.0
2015-03-13	3604.671	3558.703	3641.392	3617.657	3594.742	246864768.0
2015-03-12	3557.686	3530.876	3603.341	3592.844	3536.534	265664624.0
2015-03-11	3524.575	3511.576	3568.916	3524.653	3512.218	188947824.0
2015-03-10	3523.64	3512.809	3551.205	3520.611	3511.985	194267664.0
2015-03-09	3449.696	3510.267	3546.705	3537.75	3417.486	233940416.0
2015-03-06	3501.184	3522.97	3516.243	3478.52	3472.392	181518048.0
2015-03-05	3513.249	3541.835	3517.083	3496.344	3467.676	217508800.0
2015-03-04	3514.667	3555.825	3540.912	3530.822	3497.172	199663984.0
2015-03-03	3579.315	3545.406	3579.315	3507.9	3504.201	261866496.0
2015-03-02	3603.452	3548.291	3608.691	3601.265	3566.527	248176128.0
2015-02-27	3565.233	3532.502	3594.813	3572.843	3560.455	222786432.0
2015-02-26	3473.713	3517.83	3569.33	3566.295	3456.871	229328432.0
2015-02-25	3529.55	3498.537	3529.55	3478.729	3463.955	165539344.0
2015-02-24	3511.544	3491.366	3536.82	3522.322	3511.093	165328320.0
2015-02-17	3511.544	3473.726	3536.82	3522.322	3511.093	165328320.0
2015-02-16	3473.289	3450.65	3504.475	3499.483	3466.607	165641344.0
2015-02-13	3458.827	3419.938	3509.505	3469.828	3452.079	201089968.0
2015-02-12	3435.361	3388.456	3453.582	3442.874	3405.627	156081696.0
2015-02-11	3415.977	3373.271	3445.655	3434.124	3412.136	144613776.0
2015-02-10	3345.077	3366.8	3407.18	3406.943	3339.548	159309088.0
2015-02-09	3305.734	3372.9	3376.526	3345.921	3298.597	172353824.0
2015-02-06	3352.33	3374.508	3374.051	3312.42	3285.935	192664192.0
2015-02-05	3487.951	3398.902	3487.951	3366.946	3366.862	250430608.0
2015-02-04	3446.144	3421.872	3476.817	3401.768	3399.565	191304352.0
2015-02-03	3388.602	3446.583	3441.709	3437.445	3360.717	192846096.0
2015-02-02	3360.193	3474.08	3407.256	3353.96	3347.085	195183696.0
2015-01-30	3496.885	3524.885	3514.217	3434.39	3431.936	196479152.0
2015-01-29	3474.915	3552.354	3505.582	3481.798	3453.901	211618864.0
2015-01-28	3547.239	3569.517	3583.312	3525.323	3512.393	216220208.0
2015-01-27	3614.038	3574.229	3616.258	3574.931	3510.017	287669184.0
2015-01-26	3580.118	3538.487	3611.617	3607.985	3559.376	239766208.0
2015-01-23	3582.088	3487.921	3627.806	3571.732	3548.626	280172160.0
2015-01-22	3551.052	3500.604	3576.756	3567.613	3520.053	268853600.0
2015-01-21	3420.491	3507.906	3557.794	3548.885	3409.43	337928224.0
2015-01-20	3336.793	3498.613	3419.204	3396.222	3325.681	297843232.0
2015-01-19	3414.013	3522.177	3497.252	3355.155	3330.981	329505280.0
2015-01-16	3616.248	3553.861	3662.158	3635.146	3601.258	282681600.0
2015-01-15	3501.719	3536.177	3604.121	3604.121	3482.27	237812336.0
2015-01-14	3522.907	3527.204	3547.242	3502.423	3471.56	196012512.0
2015-01-13	3506.451	3555.478	3550.158	3514.04	3494.768	187153968.0
2015-01-12	3531.515	3580.881	3560.527	3513.576	3461.322	266567168.0
2015-01-09	3547.574	3606.474	3689.753	3546.723	3536.395	349982656.0
2015-01-08	3650.073	3603.871	3659.945	3559.259	3552.1	295003040.0
2015-01-07	3620.924	3583.53	3671.19	3643.79	3601.698	320191232.0
2015-01-06	3608.428	3545.863	3683.226	3641.059	3587.231	420962176.0
2015-01-05	3566.089	3506.819	3669.042	3641.541	3551.51	451198112.0
2014-12-31	3462.389	3445.594	3542.34	3533.705	3452.498	345934752.0
2014-12-30	3450.814	3384.93	3491.826	3457.554	3422.174	328233888.0
2014-12-29	3502.183	3358.404	3524.28	3455.455	3405.836	425015040.0
2014-12-26	3343.64	3346.21	3453.338	3445.839	3335.012	384614112.0
2014-12-25	3254.48	3333.675	3335.779	3335.419	3226.322	309799552.0
2014-12-24	3332.146	3335.777	3340.357	3230.385	3188.495	317449600.0
2014-12-23	3358.798	3361.819	3431.779	3324.924	3316.913	369736096.0
2014-12-22	3396.251	3357.515	3455.207	3394.481	3357.661	549801664.0
2014-12-19	3345.629	3322.064	3397.183	3383.167	3280.916	411211584.0
2014-12-18	3359.09	3284.076	3393.711	3345.927	3322.229	355970208.0
2014-12-17	3325.82	3251.493	3368.194	3360.598	3275.736	448140768.0
2014-12-16	3221.358	3223.683	3303.402	3303.402	3207.688	358123840.0
2014-12-15	3176.829	3184.385	3226.221	3217.228	3143.297	290193824.0
2014-12-12	3182.923	3191.516	3239.447	3193.227	3167.928	301065312.0
2014-12-11	3185.161	3177.847	3254.424	3183.012	3158.443	367091680.0
2014-12-10	3120.212	3162.115	3229.047	3221.546	3058.191	425018720.0
2014-12-09	3233.097	3111.316	3387.827	3106.913	3074.516	632874560.0
2014-12-08	3108.272	3074.721	3270.881	3252.881	3075.7	484462336.0
2014-12-05	3143.968	2988.107	3195.798	3124.885	3011.936	524881248.0
2014-12-04	2975.403	2924.894	3104.89	3104.351	2968.876	426812928.0
2014-12-03	2936.124	2854.922	3028.225	2967.549	2912.246	466156672.0
2014-12-02	2807.338	2806.016	2944.506	2923.94	2804.293	361465312.0
2014-12-01	2825.611	2758.34	2855.332	2819.812	2808.653	365487424.0
2014-11-28	2753.925	2724.229	2809.543	2808.819	2740.374	375323648.0
2014-11-27	2737.03	2679.156	2754.49	2754.49	2718.704	265464736.0
2014-11-26	2695.263	2635.678	2723.36	2723.018	2690.31	243962480.0
2014-11-25	2650.085	2598.519	2686.063	2685.561	2643.843	222611696.0
2014-11-24	2614.16	2569.69	2667.671	2649.258	2602.944	279839712.0
2014-11-21	2537.538	2553.259	2585.362	2583.455	2530.032	151028144.0
2014-11-20	2528.78	2552.786	2545.473	2537.099	2522.836	106149864.0
2014-11-19	2538.233	2561.317	2550.5	2537.223	2531.318	122146976.0
2014-11-18	2565.273	2572.736	2570.211	2541.416	2534.927	142941360.0
2014-11-17	2613.513	2576.175	2614.086	2567.101	2565.943	158478096.0
2014-11-14	2569.211	2575.901	2581.932	2581.093	2557.666	165049968.0
2014-11-13	2597.389	2560.113	2607.519	2579.75	2567.463	219815616.0
2014-11-12	2545.403	2545.376	2594.318	2594.318	2539.601	184686256.0
2014-11-11	2578.438	2527.202	2602.373	2558.612	2532.572	323711648.0
2014-11-10	2529.83	2518.114	2565.73	2565.73	2514.71	226599728.0
2014-11-07	2508.765	2507.478	2541.549	2502.153	2489.419	208760912.0
2014-11-06	2505.167	2508.712	2510.985	2506.067	2482.983	149651120.0
2014-11-05	2516.87	2501.284	2519.399	2503.448	2499.228	190491856.0
2014-11-04	2511.036	2490.871	2517.46	2513.172	2498.605	218247008.0
2014-11-03	2515.824	2471.567	2524.172	2512.548	2502.06	205801232.0
2014-10-31	2473.501	2442.824	2512.189	2508.325	2466.504	239172416.0
2014-10-30	2450.361	2419.3	2474.376	2468.925	2443.759	189626352.0
2014-10-29	2423.813	2404.702	2461.268	2451.384	2415.703	158584064.0
2014-10-28	2373.155	2398.154	2416.766	2416.653	2373.155	101523056.0
2014-10-27	2377.542	2401.501	2377.542	2368.832	2361.68	73862448.0
2014-10-24	2397.848	2418.677	2404.993	2390.706	2385.725	74974872.0
2014-10-23	2415.44	2428.882	2424.662	2395.936	2392.532	103491840.0
2014-10-22	2434.886	2438.574	2447.467	2418.641	2417.562	88656192.0
2014-10-21	2453.406	2447.621	2459.255	2433.391	2432.552	96241912.0
2014-10-20	2448.453	2450.255	2456.621	2454.711	2441.896	91435400.0
2014-10-17	2443.222	2450.302	2456.105	2441.732	2410.401	132759984.0
2014-10-16	2448.968	2455.313	2480.3	2444.395	2441.822	158166608.0
2014-10-15	2444.538	2462.825	2465.498	2463.874	2431.188	135801888.0
2014-10-14	2451.094	2465.727	2467.904	2446.562	2436.336	127393704.0
2014-10-13	2457.412	2466.612	2460.389	2454.946	2430.546	131593360.0
2014-10-10	2472.096	2465.183	2482.136	2466.789	2457.684	147634304.0
2014-10-09	2480.197	2459.265	2488.113	2481.955	2461.112	137923920.0
2014-10-08	2460.87	2450.267	2478.383	2478.383	2445.268	121953600.0
2014-09-30	2452.166	2442.963	2454.885	2450.988	2444.204	115804232.0
2014-09-29	2443.91	2432.658	2453.665	2447.799	2435.611	123401728.0
2014-09-26	2430.808	2418.882	2439.649	2437.201	2420.499	100299496.0
2014-09-25	2453.423	2416.484	2462.668	2436.965	2429.587	138661888.0
2014-09-24	2391.419	2410.824	2443.978	2441.864	2387.07	142713536.0
2014-09-23	2379.521	2402.717	2402.482	2399.462	2379.521	84033344.0
2014-09-22	2419.326	2400.577	2419.326	2378.92	2374.108	102240872.0
2014-09-19	2409.313	2412.231	2430.149	2425.211	2402.313	101813576.0
2014-09-18	2396.379	2414.86	2414.946	2408.664	2389.622	115926376.0
2014-09-17	2395.361	2417.818	2405.371	2401.326	2379.091	125269024.0
2014-09-16	2440.339	2424.04	2442.924	2388.765	2386.98	186742784.0
2014-09-15	2433.001	2435.332	2439.254	2437.189	2418.959	122247160.0
2014-09-12	2418.752	2437.746	2438.358	2438.358	2412.622	109160168.0
2014-09-11	2430.678	2435.319	2461.473	2423.454	2417.269	132982584.0
2014-09-10	2435.593	2432.396	2437.081	2432.433	2422.646	109175520.0
2014-09-09	2452.227	2423.201	2454.893	2445.224	2437.078	118194344.0
2014-09-05	2433.174	2405.22	2450.634	2449.259	2427.987	133551760.0
2014-09-04	2411.934	2383.025	2427.297	2426.224	2404.082	111272296.0
2014-09-03	2389.694	2360.036	2414.26	2408.838	2389.679	129734208.0
2014-09-02	2359.862	2343.787	2387.655	2386.46	2349.949	114436736.0
2014-09-01	2340.925	2331.314	2355.552	2355.317	2338.53	77320872.0
2014-08-29	2317.304	2328.823	2338.774	2338.287	2313.262	63211424.0
2014-08-28	2328.059	2334.238	2336.363	2311.278	2309.639	70490656.0
2014-08-27	2323.79	2342.832	2336.737	2327.595	2322.885	67676224.0
2014-08-26	2339.6	2350.541	2350.391	2324.092	2317.184	93844224.0
2014-08-25	2367.019	2360.676	2367.606	2342.863	2338.455	97373720.0
2014-08-22	2352.316	2367.016	2368.457	2365.364	2350.986	89823936.0
2014-08-21	2365.731	2366.07	2367.46	2354.244	2333.299	100690208.0
2014-08-20	2371.649	2362.41	2375.475	2366.14	2360.837	101288088.0
2014-08-19	2378.886	2360.962	2379.474	2374.768	2358.965	115850016.0
2014-08-18	2366.272	2357.419	2379.804	2374.562	2361.197	104509552.0
2014-08-15	2337.985	2355.576	2366.902	2360.635	2333.123	93592544.0
2014-08-14	2357.198	2349.676	2363.18	2335.945	2334.08	97969496.0
2014-08-13	2358.459	2347.979	2370.513	2358.901	2335.694	110447792.0
2014-08-12	2361.17	2348.843	2361.17	2357.052	2344.716	91822608.0
2014-08-11	2338.008	2351.303	2367.004	2365.349	2337.014	91601168.0
2014-08-08	2329.184	2353.357	2339.27	2331.134	2319.288	86739696.0
2014-08-07	2363.608	2353.011	2369.204	2327.457	2326.268	116729208.0
2014-08-06	2358.206	2357.569	2371.667	2363.221	2334.334	116341832.0
2014-08-05	2376.797	2349.327	2380.774	2369.353	2353.795	111861792.0
2014-08-04	2336.63	2341.731	2375.62	2375.62	2332.138	116713752.0
2014-08-01	2341.227	2331.386	2371.5	2329.402	2328.966	126317392.0
2014-07-31	2321.967	2317.596	2350.551	2350.251	2316.585	110987768.0
2014-07-30	2324.69	2294.949	2339.038	2322.011	2316.058	123022832.0
2014-07-29	2326.038	2270.114	2342.77	2331.369	2316.217	134269648.0
2014-07-28	2272.383	2242.379	2331.472	2323.897	2272.383	179869328.0
2014-07-25	2243.067	2210.859	2260.89	2260.454	2239.066	98972840.0
2014-07-24	2199.833	2191.597	2239.815	2237.015	2199.833	119435536.0
2014-07-23	2191.394	2175.608	2210.282	2197.833	2190.555	84213872.0
2014-07-22	2162.436	2170.215	2197.592	2192.698	2162.236	78542584.0
2014-07-21	2164.223	2166.67	2171.94	2166.295	2158.955	54172260.0
2014-07-18	2147.663	2167.763	2176.325	2164.144	2145.446	65473296.0
2014-07-17	2166.831	2164.536	2166.932	2157.068	2147.084	59453568.0
2014-07-16	2172.824	2161.692	2183.248	2170.868	2166.774	81560232.0
2014-07-15	2170.089	2157.26	2176.272	2174.976	2165.206	71815696.0
2014-07-14	2149.542	2158.359	2171.902	2171.758	2145.278	66158864.0
2014-07-11	2136.317	2159.266	2154.735	2148.009	2134.795	61374272.0
2014-07-10	2146.601	2165.403	2151.774	2142.847	2139.522	55732496.0
2014-07-09	2178.135	2172.872	2178.51	2148.71	2148.26	62022048.0
2014-07-08	2174.828	2177.303	2180.778	2180.473	2163.359	50743600.0
2014-07-07	2178.546	2174.12	2186.202	2176.289	2171.083	50242336.0
2014-07-04	2180.445	2171.886	2183.798	2178.695	2174.073	52851104.0
2014-07-03	2169.003	2166.199	2184.964	2180.192	2164.843	63690688.0
2014-07-02	2163.998	2159.976	2171.51	2170.867	2155.609	59685500.0
2014-07-01	2169.199	2152.476	2171.15	2164.559	2157.133	53323100.0
2014-06-30	2152.306	2148.529	2168.221	2165.118	2152.306	54304188.0
2014-06-27	2146.374	2142.327	2159.526	2150.258	2138.927	52722896.0
2014-06-26	2135.156	2139.621	2151.114	2149.076	2134.891	44351168.0
2014-06-25	2141.726	2135.188	2141.726	2133.371	2126.035	37666100.0
2014-06-24	2131.686	2140.561	2145.213	2144.821	2130.292	40164356.0
2014-06-23	2137.926	2145.532	2147.227	2134.11	2132.454	41179256.0
2014-06-20	2124.963	2157.081	2137.034	2136.729	2120.807	42393720.0
2014-06-19	2161.426	2164.983	2166.407	2126.907	2119.498	53162644.0
2014-06-18	2169.252	2170.284	2172.549	2160.239	2158.497	49463896.0
2014-06-17	2185.681	2170.389	2185.681	2169.674	2168.445	49933664.0
2014-06-16	2176.438	2168.708	2196.343	2191.855	2174.277	63296876.0
2014-06-13	2150.987	2157.193	2183.645	2176.242	2150.569	59252876.0
2014-06-12	2156.761	2148.888	2160.988	2153.41	2148.413	43025844.0
2014-06-11	2156.151	2148.327	2163.61	2160.766	2152.08	42563720.0
2014-06-10	2138.671	2141.828	2161.526	2161.268	2132.447	50507904.0
2014-06-09	2128.225	2139.558	2153.903	2134.281	2126.665	39311060.0
2014-06-06	2149.214	2143.995	2149.783	2134.716	2123.98	35738056.0
2014-06-05	2126.607	2148.084	2150.93	2150.602	2123.524	36477424.0
2014-06-04	2149.407	2151.834	2149.452	2128.274	2117.313	41817248.0
2014-06-03	2157.64	2155.636	2168.995	2149.918	2149.291	41982952.0
2014-05-30	2156.381	2156.847	2166.907	2156.464	2146.218	43923864.0
2014-05-29	2171.26	2155.237	2178.092	2155.164	2154.925	44891556.0
2014-05-28	2147.467	2150.378	2171.172	2169.352	2142.007	50056260.0
2014-05-27	2154.395	2143.689	2160.027	2147.28	2145.752	35897172.0
2014-05-26	2161.892	2137.387	2165.421	2155.976	2147.445	39550656.0
2014-05-23	2130.775	2129.22	2148.583	2148.414	2128.663	37623104.0
2014-05-22	2134.087	2128.728	2160.909	2130.868	2128.858	46252736.0
2014-05-21	2106.762	2131.371	2136.1	2135.905	2096.514	38946040.0
2014-05-20	2124.708	2138.664	2131.567	2115.771	2110.72	37299684.0
2014-05-19	2139.362	2150.481	2139.362	2115.143	2105.713	42893608.0
2014-05-16	2143.926	2163.463	2150.5	2145.952	2132.186	42253196.0
2014-05-15	2169.278	2160.882	2171.453	2144.084	2142.338	46734032.0
2014-05-14	2175.094	2159.165	2184.221	2172.372	2168.997	48514208.0
2014-05-13	2180.059	2152.154	2185.046	2174.852	2167.767	64912520.0
2014-05-12	2150.313	2148.649	2184.332	2180.054	2139.483	83472560.0
2014-05-09	2138.84	2143.932	2141.559	2133.05	2120.595	38183432.0
2014-05-08	2132.036	2149.054	2168.206	2135.496	2128.318	48332452.0
2014-05-07	2151.472	2153.649	2153.723	2137.316	2136.99	44607472.0
2014-05-06	2151.388	2153.179	2173.618	2157.328	2150.112	48086520.0
2014-05-05	2152.59	2155.279	2161.703	2156.47	2131.232	49344072.0
2014-04-30	2158.762	2162.08	2164.175	2158.659	2153.124	45334624.0
2014-04-29	2134.413	2169.281	2159.379	2158.47	2131.783	48204932.0
2014-04-28	2165.773	2176.946	2171.385	2134.969	2132.695	60485188.0
2014-04-25	2195.815	2187.402	2201.712	2167.826	2167.64	60245384.0
2014-04-24	2192.769	2198.733	2209.454	2190.474	2186.763	45058912.0
2014-04-23	2191.231	2205.599	2205.594	2194.668	2187.388	47763532.0
2014-04-22	2184.017	2213.17	2196.849	2196.795	2165.075	57094696.0
2014-04-21	2209.942	2219.704	2231.707	2187.248	2186.755	56278280.0
2014-04-18	2215.879	2235.977	2228.77	2224.479	2203.047	50757996.0
2014-04-17	2238.779	2245.214	2241.622	2224.803	2221.954	48333628.0
2014-04-16	2223.468	2255.006	2245.315	2232.526	2221.153	51678008.0
2014-04-15	2261.411	2256.225	2261.474	2229.463	2225.685	68218128.0
2014-04-14	2267.943	2257.795	2275.83	2268.613	2255.456	62265000.0
2014-04-11	2269.565	2241.167	2281.105	2270.666	2261.133	90615896.0
2014-04-10	2241.452	2220.035	2290.742	2273.761	2229.515	114545408.0
2014-04-09	2239.791	2201.429	2246.793	2238.62	2228.994	66357268.0
2014-04-08	2179.92	2186.328	2243.97	2237.316	2178.905	97219120.0
2014-04-04	2157.982	2168.125	2186.154	2185.472	2155.277	47945888.0
2014-04-03	2188.642	2161.424	2196.138	2165.008	2160.747	71536032.0
2014-04-02	2166.067	2159.564	2182.683	2180.727	2164.008	65039256.0
2014-04-01	2143.717	2157.628	2170.095	2163.115	2141.151	48866404.0
2014-03-31	2156.054	2159.893	2165.254	2146.305	2134.422	55457488.0
2014-03-28	2154.515	2165.943	2172.668	2151.965	2144.584	70086072.0
2014-03-27	2168.344	2167.309	2186.893	2155.707	2146.916	71275136.0
2014-03-26	2181.231	2153.561	2186.078	2171.047	2165.217	58276176.0
2014-03-25	2170.78	2143.526	2191.491	2174.44	2164.669	86877512.0
2014-03-24	2161.898	2136.264	2186.731	2176.554	2150.871	104491984.0
2014-03-21	2079.871	2129.561	2163.225	2158.798	2077.759	104024808.0
2014-03-20	2116.185	2122.369	2134.792	2086.967	2086.497	67631288.0
2014-03-19	2131.283	2133.042	2131.283	2120.87	2101.285	59303904.0
2014-03-18	2146.124	2131.695	2152.462	2138.133	2134.923	55354132.0
2014-03-17	2132.793	2125.8	2143.196	2143.038	2118.953	52409444.0
2014-03-14	2129.87	2116.75	2140.384	2122.836	2109.575	58617736.0
2014-03-13	2119.547	2125.855	2149.436	2140.333	2115.986	69226032.0
2014-03-12	2102.801	2132.515	2130.586	2114.134	2090.757	70069744.0
2014-03-11	2092.608	2142.483	2118.79	2108.661	2088.729	57621244.0
2014-03-10	2149.676	2157.606	2149.676	2097.787	2095.067	71416408.0
2014-03-07	2170.043	2176.122	2189.39	2168.358	2161.436	64265176.0
2014-03-06	2159.397	2178.245	2181.427	2173.634	2136.454	69093768.0
2014-03-05	2187.352	2174.34	2189.093	2163.976	2159.595	61332016.0
2014-03-04	2183.858	2174.225	2188.601	2184.273	2161.589	73069248.0
2014-03-03	2173.907	2168.953	2194.224	2190.37	2167.91	82072312.0
2014-02-28	2149.446	2173.78	2180.474	2178.971	2133.548	76668056.0
2014-02-27	2170.81	2190.845	2180.063	2154.108	2150.135	90104296.0
2014-02-26	2147.737	2217.511	2164.698	2163.405	2137.079	77993296.0
2014-02-25	2216.515	2246.561	2225.209	2157.909	2150.095	93237552.0
2014-02-24	2246.715	2271.467	2246.715	2214.509	2194.164	89215936.0
2014-02-21	2284.03	2290.895	2287.869	2264.294	2250.652	76368992.0
2014-02-20	2314.088	2297.151	2331.698	2287.436	2286.203	106439536.0
2014-02-19	2280.927	2295.575	2317.42	2308.656	2274.152	99352560.0
2014-02-18	2310.309	2292.093	2310.309	2282.442	2276.108	87049744.0
2014-02-17	2308.791	2292.717	2315.579	2311.647	2293.552	87831664.0
2014-02-14	2278.4	2283.894	2295.852	2295.575	2274.429	67082996.0
2014-02-13	2288.451	2267.276	2307.474	2279.554	2278.261	96217792.0
2014-02-12	2286.187	2251.855	2294.317	2291.246	2276.444	76592160.0
2014-02-11	2267.735	2239.162	2296.516	2285.562	2262.599	99229832.0
2014-02-10	2221.54	2226.021	2270.194	2267.534	2221.54	83065712.0
2014-02-07	2187.343	2215.698	2212.498	2212.483	2177.117	50459316.0
2014-01-30	2223.163	2222.337	2223.163	2202.45	2200.224	43632304.0
2014-01-29	2225.711	2228.224	2233.057	2227.781	2219.928	50222716.0
2014-01-28	2220.785	2231.427	2233.257	2219.855	2205.972	53269128.0
2014-01-27	2233.015	2224.938	2233.231	2215.919	2211.799	70344248.0
2014-01-24	2225.758	2214.953	2257.355	2245.678	2222.893	61167672.0
2014-01-23	2242.245	2201.515	2248.924	2231.889	2228.057	56345952.0
2014-01-22	2190.432	2197.506	2244.133	2243.796	2187.534	70641376.0
2014-01-21	2168.42	2190.535	2197.923	2187.41	2168.42	40306248.0
2014-01-20	2173.651	2195.622	2182.463	2165.993	2156.458	40560152.0
2014-01-17	2203.821	2201.16	2205.972	2178.488	2175.876	50273156.0
2014-01-16	2209.448	2206.432	2227.262	2211.844	2201.56	52298904.0
2014-01-15	2210.024	2208.508	2215.903	2208.941	2193.802	48962396.0
2014-01-14	2192.844	2215.102	2214.124	2212.846	2179.908	54049948.0
2014-01-13	2206.996	2220.133	2222.072	2193.679	2183.597	50122772.0
2014-01-10	2216.521	2229.124	2224.494	2204.851	2200.215	54169292.0
2014-01-09	2236.967	2246.31	2258.894	2222.221	2220.802	55987040.0
2014-01-08	2240.635	2266.261	2262.584	2241.911	2228.418	51348856.0
2014-01-07	2222.306	2283.884	2246.791	2238.001	2218.647	43753104.0
2014-01-06	2286.371	2296.176	2286.371	2238.637	2229.334	66300404.0
2014-01-03	2311.968	2309.144	2314.836	2290.779	2280.887	59782644.0
2014-01-02	2323.433	2304.055	2325.991	2321.978	2310.653	45194292.0
2013-12-31	2289.01	2300.681	2333.074	2330.026	2287.117	56631072.0
2013-12-30	2313.38	2292.326	2316.621	2299.458	2295.641	48414308.0
2013-12-27	2268.535	2289.354	2315.182	2303.478	2264.386	53389156.0
2013-12-26	2299.972	2284.286	2301.493	2265.334	2263.922	51497564.0
2013-12-25	2291.748	2297.701	2305.609	2305.11	2281.6	44005328.0
2013-12-24	2291.125	2308.124	2312.832	2288.248	2270.245	45599168.0
2013-12-23	2283.8	2321.75	2295.765	2284.602	2259.575	45580284.0
2013-12-20	2335.052	2338.414	2338.875	2278.136	2278.096	65204208.0
2013-12-19	2366.205	2364.115	2370.991	2332.41	2331.194	48095680.0
2013-12-18	2356.703	2379.636	2368.583	2357.226	2350.451	40015208.0
2013-12-17	2369.255	2390.743	2373.286	2356.376	2351.183	48483892.0
2013-12-16	2408.678	2410.132	2412.734	2367.923	2367.43	64581672.0
2013-12-13	2388.659	2426.722	2416.26	2406.639	2386.246	51501196.0
2013-12-12	2406.766	2435.852	2423.309	2410.015	2402.769	50147720.0
2013-12-11	2440.503	2447.488	2440.503	2412.763	2400.742	68075144.0
2013-12-10	2456.23	2459.963	2466.66	2453.322	2444.526	66941424.0
2013-12-09	2460.028	2457.855	2468.948	2450.872	2445.94	57164884.0
2013-12-06	2463.043	2451.438	2470.813	2452.287	2445.623	66114088.0
2013-12-05	2476.453	2448.77	2481.747	2468.197	2460.576	77708928.0
2013-12-04	2439.824	2443.036	2486.64	2475.135	2434.694	102650232.0
2013-12-03	2410.693	2430.905	2448.333	2442.784	2406.663	74455752.0
2013-12-02	2423.969	2419.832	2464.863	2418.788	2397.007	119655120.0
2013-11-29	2442.676	2413.8	2446.395	2438.944	2432.387	61803744.0
2013-11-28	2419.15	2405.604	2460.556	2439.53	2417.235	90660408.0
2013-11-27	2386.362	2399.695	2422.806	2414.481	2383.78	75294088.0
2013-11-26	2387.826	2401.769	2399.022	2387.416	2380.412	59185864.0
2013-11-25	2385.784	2406.719	2418.853	2388.629	2380.689	66144736.0
2013-11-22	2415.29	2414.773	2418.999	2397.962	2393.581	75000672.0
2013-11-21	2412.451	2405.328	2415.383	2409.989	2382.878	87706680.0
2013-11-20	2428.767	2384.23	2435.427	2424.85	2406.417	72291800.0
2013-11-19	2427.928	2356.883	2427.928	2412.163	2405.076	78648296.0
2013-11-18	2367.883	2342.451	2429.566	2428.903	2361.038	110034632.0
2013-11-15	2306.549	2319.848	2377.211	2350.734	2306.549	86391768.0
2013-11-14	2291.269	2311.29	2305.696	2304.501	2279.006	57310356.0
2013-11-13	2325.36	2318.5	2325.563	2288.116	2287.547	59848832.0
2013-11-12	2319.362	2331.591	2342.529	2340.0	2316.603	52687544.0
2013-11-11	2305.94	2340.345	2325.228	2315.889	2295.003	45739456.0
2013-11-08	2329.084	2353.258	2342.672	2307.945	2306.041	53788508.0
2013-11-07	2351.871	2368.661	2356.672	2340.552	2328.253	54821748.0
2013-11-06	2371.324	2375.294	2383.54	2353.568	2352.787	63776664.0
2013-11-05	2366.884	2386.074	2385.688	2383.769	2343.801	62084488.0
2013-11-04	2397.21	2383.731	2404.896	2380.454	2376.355	51798460.0
2013-11-01	2373.962	2380.831	2395.005	2384.96	2365.146	63055760.0
2013-10-31	2398.395	2377.551	2398.395	2373.718	2370.226	82736960.0
2013-10-30	2371.853	2382.91	2407.851	2407.471	2365.506	92178128.0
2013-10-29	2369.216	2385.114	2408.616	2372.053	2327.904	106737832.0
2013-10-28	2372.571	2399.881	2377.249	2365.954	2351.862	62876152.0
2013-10-25	2400.517	2420.955	2413.332	2368.559	2353.993	77070184.0
2013-10-24	2412.235	2432.454	2422.943	2400.511	2395.474	64560820.0
2013-10-23	2451.556	2435.018	2474.372	2418.491	2412.483	91545352.0
2013-10-22	2470.255	2435.594	2470.255	2445.891	2439.859	90703032.0
2013-10-21	2431.915	2439.919	2472.785	2471.322	2423.562	84909792.0
2013-10-18	2415.118	2440.163	2435.712	2426.054	2410.599	60291632.0
2013-10-17	2432.645	2448.654	2440.919	2413.33	2407.777	71222472.0
2013-10-16	2459.077	2451.851	2459.077	2421.371	2409.718	88979832.0
2013-10-15	2475.324	2458.293	2479.134	2467.517	2449.416	89173496.0
2013-10-14	2472.267	2453.152	2483.131	2472.542	2462.551	100081304.0
2013-10-11	2442.364	2440.451	2471.165	2468.508	2439.634	93388264.0
2013-10-10	2455.64	2425.744	2455.979	2429.317	2422.017	90329704.0
2013-10-09	2432.94	2416.769	2453.746	2453.583	2424.769	76277648.0
2013-10-08	2406.415	2411.858	2446.703	2441.811	2392.572	84785504.0
2013-09-30	2406.205	2412.273	2415.075	2409.037	2397.22	59513992.0
2013-09-27	2382.218	2424.923	2402.196	2394.971	2379.856	65971508.0
2013-09-26	2422.631	2432.431	2422.631	2384.443	2382.535	86236768.0
2013-09-25	2440.835	2441.007	2455.037	2429.03	2423.276	90518416.0
2013-09-24	2470.715	2450.879	2470.746	2443.885	2420.085	97853016.0
2013-09-23	2441.516	2459.882	2473.163	2472.288	2439.993	80128352.0
2013-09-18	2426.04	2466.916	2439.626	2432.51	2407.243	71040760.0
2013-09-17	2480.81	2476.992	2481.71	2427.322	2426.462	99459984.0
2013-09-16	2501.077	2486.506	2503.694	2478.39	2467.129	105383280.0
2013-09-13	2502.54	2478.95	2515.781	2488.902	2481.454	110775048.0
2013-09-12	2480.468	2452.726	2527.383	2507.455	2469.718	145173168.0
2013-09-11	2483.791	2419.582	2504.469	2482.889	2471.624	166914976.0
2013-09-10	2446.454	2393.144	2475.195	2474.894	2435.826	154856000.0
2013-09-09	2374.26	2369.065	2449.249	2440.609	2372.686	149889632.0
2013-09-06	2336.767	2345.012	2361.178	2357.782	2335.932	73340112.0
2013-09-05	2350.927	2336.238	2351.218	2341.735	2336.754	62951384.0
2013-09-04	2352.537	2331.553	2360.663	2350.699	2345.437	78725760.0
2013-09-03	2326.231	2327.025	2354.856	2354.502	2321.304	80554008.0
2013-09-02	2319.957	2324.3	2329.867	2320.344	2297.449	79510248.0
2013-08-30	2315.913	2327.355	2334.413	2313.91	2303.609	87654512.0
2013-08-29	2338.564	2321.959	2342.32	2318.311	2308.145	66085416.0
2013-08-28	2326.096	2319.083	2345.358	2328.056	2307.043	89256176.0
2013-08-27	2332.8	2315.189	2345.105	2340.881	2322.461	65990332.0
2013-08-26	2294.759	2309.506	2336.381	2335.616	2288.496	70371040.0
2013-08-23	2314.866	2308.669	2321.037	2286.929	2251.92	68967136.0
2013-08-22	2302.668	2312.112	2329.143	2303.932	2297.016	55338104.0
2013-08-21	2320.584	2315.641	2321.642	2308.589	2291.053	55007384.0
2013-08-20	2325.862	2323.739	2353.409	2312.465	2303.666	73086344.0
2013-08-19	2286.203	2333.06	2340.194	2331.43	2284.077	72483224.0
2013-08-16	2314.261	2337.332	2423.081	2304.144	2295.023	120369560.0
2013-08-15	2348.839	2333.706	2362.089	2321.576	2319.784	61951852.0
2013-08-14	2362.619	2324.747	2386.599	2349.08	2340.833	75942128.0
2013-08-13	2352.883	2311.055	2360.827	2359.068	2340.733	78393632.0
2013-08-12	2296.22	2297.97	2352.89	2352.794	2293.176	97863216.0
2013-08-09	2288.51	2283.077	2301.59	2286.01	2258.334	64600016.0
2013-08-08	2277.253	2275.328	2297.628	2276.782	2267.073	53098432.0
2013-08-07	2292.379	2269.044	2313.879	2280.623	2276.862	73048696.0
2013-08-06	2270.672	2251.524	2302.484	2293.641	2256.715	73746896.0
2013-08-05	2249.976	2230.673	2278.329	2278.329	2243.22	55342152.0
2013-08-02	2263.495	2210.201	2274.71	2247.263	2244.252	60890892.0
2013-08-01	2206.004	2205.55	2245.56	2245.364	2200.626	62603996.0
2013-07-31	2211.75	2204.014	2235.384	2193.021	2187.21	48327056.0
2013-07-30	2184.007	2215.24	2221.589	2189.388	2162.979	55193624.0
2013-07-29	2205.083	2230.531	2205.083	2175.97	2169.017	54600924.0
2013-07-26	2226.429	2235.775	2238.42	2224.008	2209.806	48941096.0
2013-07-25	2255.223	2229.069	2268.839	2237.683	2227.853	65774316.0
2013-07-24	2253.376	2230.598	2265.578	2249.151	2217.192	69592304.0
2013-07-23	2211.587	2237.335	2276.742	2265.845	2206.756	74809728.0
2013-07-22	2170.089	2247.736	2203.058	2202.189	2159.813	53283496.0
2013-07-19	2248.133	2268.757	2257.916	2190.478	2188.752	70535280.0
2013-07-18	2272.947	2285.736	2282.435	2245.328	2241.93	57144292.0
2013-07-17	2311.443	2302.008	2326.925	2282.836	2281.609	67655248.0
2013-07-16	2300.83	2290.254	2317.848	2317.848	2281.942	65624156.0
2013-07-15	2289.762	2259.218	2336.04	2307.297	2274.673	74757888.0
2013-07-12	2319.023	2230.483	2331.986	2275.373	2274.073	89733080.0
2013-07-11	2232.157	2220.778	2351.223	2326.688	2232.157	125793192.0
2013-07-10	2163.098	2199.836	2224.135	2224.065	2157.468	61149780.0
2013-07-09	2160.699	2195.789	2174.786	2162.669	2149.787	41494432.0
2013-07-08	2194.423	2207.652	2205.214	2163.619	2162.189	54782492.0
2013-07-05	2227.35	2217.591	2252.033	2226.849	2225.047	61821776.0
2013-07-04	2187.181	2212.349	2245.908	2221.979	2176.08	72581144.0
2013-07-03	2211.044	2200.101	2211.044	2203.828	2169.137	65836024.0
2013-07-02	2211.803	2192.994	2226.113	2221.984	2191.801	61838848.0
2013-07-01	2187.092	2181.682	2213.965	2213.317	2166.353	57726228.0
2013-06-28	2149.03	2173.26	2227.461	2200.639	2139.372	79451328.0
2013-06-27	2172.848	2196.611	2200.213	2160.735	2153.175	75406752.0
2013-06-26	2170.326	2228.758	2181.021	2168.297	2131.86	79256424.0
2013-06-25	2146.053	2275.251	2169.211	2165.421	2023.171	107554880.0
2013-06-24	2308.069	2325.916	2308.069	2171.21	2164.325	86597256.0
2013-06-21	2283.151	2372.442	2332.842	2317.394	2269.565	58705800.0
2013-06-20	2386.104	2392.317	2386.104	2321.466	2320.226	55201020.0
2013-06-19	2408.28	2408.011	2408.28	2400.765	2366.346	54346260.0
2013-06-18	2413.088	2424.69	2424.202	2418.745	2393.321	48630380.0
2013-06-17	2422.762	2446.51	2427.532	2403.839	2394.385	50395712.0
2013-06-14	2404.423	2477.85	2420.356	2416.771	2396.487	55964536.0
2013-06-13	2448.717	2507.629	2448.717	2399.937	2375.204	69730064.0
2013-06-07	2526.913	2548.167	2538.891	2484.16	2475.687	61030896.0
2013-06-06	2552.817	2572.62	2557.678	2527.845	2525.306	52496528.0
2013-06-05	2565.329	2593.915	2570.027	2560.539	2545.19	45637192.0
2013-06-04	2600.499	2610.32	2600.499	2565.666	2556.056	66315752.0
2013-06-03	2605.969	2626.058	2625.936	2602.623	2596.051	59774468.0
2013-05-31	2638.71	2625.451	2645.565	2606.426	2604.746	62528532.0
2013-05-30	2633.955	2623.612	2647.443	2634.323	2623.581	70146368.0
2013-05-29	2648.927	2613.317	2661.229	2642.561	2640.881	79277712.0
2013-05-28	2600.632	2608.411	2644.359	2644.359	2585.901	84196112.0
2013-05-27	2593.522	2602.51	2611.972	2599.587	2589.739	64195080.0
2013-05-24	2591.419	2604.514	2608.35	2597.228	2572.884	60739668.0
2013-05-23	2604.93	2603.478	2624.076	2582.849	2579.347	84825368.0
2013-05-22	2613.411	2597.45	2630.068	2618.034	2603.75	74191816.0
2013-05-21	2607.393	2575.228	2617.4	2614.853	2594.249	71505992.0
2013-05-20	2597.151	2550.925	2627.616	2609.607	2590.053	86337800.0
2013-05-17	2550.452	2535.158	2598.706	2592.048	2547.776	81850800.0
2013-05-16	2501.117	2524.915	2553.058	2552.709	2487.763	70796184.0
2013-05-15	2493.968	2519.932	2507.43	2506.925	2491.927	44189660.0
2013-05-14	2525.998	2527.107	2526.145	2493.338	2479.872	54880064.0
2013-05-13	2542.412	2534.427	2547.602	2530.768	2516.728	54092148.0
2013-05-10	2519.517	2533.47	2546.975	2540.836	2515.158	48816728.0
2013-05-09	2542.374	2523.885	2543.305	2527.794	2507.792	60240144.0
2013-05-08	2542.266	2508.254	2562.007	2542.798	2531.251	59554296.0
2013-05-07	2519.364	2489.156	2539.298	2529.938	2507.756	54490644.0
2013-05-06	2502.978	2476.743	2533.855	2525.983	2500.455	60418780.0
2013-05-03	2457.543	2470.662	2521.119	2492.912	2457.543	62330092.0
2013-05-02	2434.603	2461.974	2453.749	2449.639	2423.077	47016088.0
2013-04-26	2477.724	2478.18	2488.585	2447.306	2439.796	47123376.0
2013-04-25	2486.857	2495.484	2505.482	2467.875	2456.566	60557928.0
2013-04-24	2452.781	2494.88	2511.202	2495.579	2446.587	63050916.0
2013-04-23	2532.201	2487.458	2532.201	2449.471	2448.2	60653984.0
2013-04-22	2525.113	2489.483	2539.046	2530.67	2518.257	62511884.0
2013-04-19	2469.951	2470.712	2542.453	2533.827	2469.323	75520880.0
2013-04-18	2440.707	2456.369	2478.413	2464.851	2434.73	42860708.0
2013-04-17	2457.881	2458.974	2465.202	2458.473	2437.345	44692164.0
2013-04-16	2419.508	2464.341	2461.046	2459.592	2416.617	55280612.0
2013-04-15	2453.967	2470.309	2461.668	2436.818	2430.149	46539736.0
2013-04-12	2476.322	2477.405	2489.118	2462.112	2460.182	39917280.0
2013-04-11	2502.5	2481.692	2508.593	2477.876	2476.396	42989960.0
2013-04-10	2487.984	2483.395	2495.572	2485.309	2466.19	47504912.0
2013-04-09	2477.29	2484.971	2505.294	2489.43	2477.29	52389824.0
2013-04-08	2443.24	2486.101	2473.309	2472.299	2429.5	53296772.0
2013-04-03	2493.877	2491.502	2507.143	2483.547	2474.927	45564220.0
2013-04-02	2495.843	2511.499	2524.463	2486.391	2475.0	55684152.0
2013-04-01	2486.428	2529.23	2507.825	2493.187	2483.732	47346024.0
2013-03-29	2502.782	2553.212	2509.109	2495.083	2482.488	52402136.0
2013-03-28	2535.988	2577.857	2535.988	2499.302	2495.083	87578408.0
2013-03-27	2575.726	2600.995	2611.939	2583.53	2566.345	56906516.0
2013-03-26	2601.964	2606.323	2607.357	2575.05	2554.974	63962960.0
2013-03-25	2628.407	2596.333	2641.609	2613.097	2607.613	56261400.0
2013-03-22	2612.256	2574.212	2625.531	2618.308	2603.344	55647140.0
2013-03-21	2611.58	2558.525	2626.538	2614.988	2598.509	69552752.0
2013-03-20	2526.968	2542.382	2610.174	2610.174	2526.83	90700624.0
2013-03-19	2507.396	2525.844	2532.07	2525.097	2491.854	54536476.0
2013-03-18	2526.077	2531.948	2544.619	2502.493	2499.828	59812776.0
2013-03-15	2533.722	2549.924	2600.091	2539.873	2504.458	81372184.0
2013-03-14	2517.745	2563.335	2546.699	2534.273	2514.463	47605756.0
2013-03-13	2551.726	2580.376	2556.773	2527.486	2515.058	56430460.0
2013-03-12	2590.391	2604.919	2619.512	2555.615	2530.251	71935144.0
2013-03-11	2600.278	2618.357	2611.652	2592.372	2574.172	50946436.0
2013-03-08	2622.684	2609.026	2632.624	2606.927	2601.961	59429556.0
2013-03-07	2639.783	2621.408	2658.969	2619.479	2592.867	94082664.0
2013-03-06	2634.87	2632.177	2658.139	2650.202	2620.431	95829648.0
2013-03-05	2547.893	2621.072	2623.171	2622.807	2541.766	89661152.0
2013-03-04	2619.42	2610.03	2619.574	2545.715	2528.694	110619104.0
2013-03-01	2671.842	2621.879	2680.854	2668.836	2626.995	73343752.0
2013-02-28	2611.94	2607.433	2673.711	2673.327	2593.997	86922592.0
2013-02-27	2576.046	2594.877	2615.249	2594.677	2569.38	63226744.0
2013-02-26	2587.375	2616.469	2631.094	2567.595	2564.672	80003064.0
2013-02-25	2607.149	2640.071	2628.696	2604.96	2590.787	53161944.0
2013-02-22	2607.65	2666.573	2618.483	2596.604	2591.146	60204852.0
2013-02-21	2675.741	2701.597	2675.741	2610.549	2584.758	100657984.0
2013-02-20	2686.093	2731.461	2703.098	2702.635	2665.231	70019376.0
2013-02-19	2735.045	2746.103	2740.739	2685.606	2674.339	80626432.0
2013-02-18	2784.065	2763.317	2787.74	2737.471	2731.506	76438224.0
2013-02-08	2755.649	2765.428	2791.303	2771.725	2747.946	77429648.0
2013-02-07	2771.53	2759.748	2775.974	2759.87	2722.874	89978144.0
2013-02-06	2771.908	2745.151	2787.456	2775.844	2765.743	82779272.0
2013-02-05	2727.93	2727.724	2779.953	2771.675	2725.362	116130816.0
2013-02-04	2753.688	2708.562	2768.504	2748.028	2731.08	127939176.0
2013-02-01	2677.187	2689.329	2744.322	2743.324	2671.274	103879512.0
2013-01-31	2690.951	2654.999	2696.881	2686.882	2671.33	96740104.0
2013-01-30	2678.433	2634.174	2689.683	2688.711	2662.062	99874992.0
2013-01-29	2655.377	2617.923	2685.531	2675.866	2646.154	101040232.0
2013-01-28	2577.267	2602.129	2651.967	2651.863	2577.267	91274792.0
2013-01-25	2580.881	2593.936	2591.513	2571.674	2567.107	58487360.0
2013-01-24	2606.427	2599.502	2663.404	2582.755	2564.206	111277168.0
2013-01-23	2588.198	2605.084	2611.409	2607.456	2576.362	75739440.0
2013-01-22	2610.392	2603.898	2620.025	2596.898	2578.181	105766272.0
2013-01-21	2605.649	2610.898	2611.201	2610.898	2582.652	84133744.0
